course_id,serial_number_course_code,course_name,instructor,department,educational_system,time_room,required_or_elective,credit,semester_type,lecture_language,code_card,maximum_number,number_of_assigned,number_of_selected,popularity_ratio,over_capacity
9040,09040 / GS3901 - *,Theory and Skills of Creativity 創造力之理論與技巧,"Huang, Chin-Chun / 黃金俊",General Education Center,Undergraduate Programme,Thursday 9 (17:00 - 17:50) | General Education Building 122 Thursday A (18:00 - 18:50) | General Education Building 122,Elective,2,Semester,Chinese,Optional,50,782,0,15.64,732
9041,09041 / GS3902 - *,Theory and Practice of Creativity and Multiple Intelligence 創造力與多元智慧的理念與實踐,"Huang, Chin-Chun / 黃金俊",General Education Center,Undergraduate Programme,Thursday B (19:00 - 19:50) | General Education Building 122 Thursday C (20:00 - 20:50) | General Education Building 122,Elective,2,Semester,Chinese,Optional,50,682,0,13.64,632
9009,09009 / GS2522 - *,The psychology of memory in everyday life 日常生活中的記憶心理學,"Cheng, Shih-Kuen / 鄭仕坤",General Education Center,Undergraduate Programme,Thursday 3 (10:00 - 10:50) | Liberal Arts Building #1 101 Thursday 4 (11:00 - 11:50) | Liberal Arts Building #1 101,Elective,2,Semester,Chinese,Optional,50,668,0,13.36,618
9034,09034 / GS3150 - *,Life Education 生命教育,"Cheng, Chin-Fa / 程進發",General Education Center,Undergraduate Programme,Wednesday 3 (10:00 - 10:50) | Liberal Arts Building #1 113 Wednesday 4 (11:00 - 11:50) | Liberal Arts Building #1 113,Elective,2,Semester,Chinese,Optional,50,573,0,11.46,523
9005,09005 / GS2156 - *,SQ(Spiritual Quotient)—Beyond IQ and EQ 精神能力(SQ)—IQ與EQ之外的生命資本,"Cheng, Chin-Fa / 程進發",General Education Center,Undergraduate Programme,Wednesday 1 (08:00 - 08:50) | Liberal Arts Building #1 113 Wednesday 2 (09:00 - 09:50) | Liberal Arts Building #1 113,Elective,2,Semester,Chinese,Optional,50,571,0,11.42,521
9036,09036 / GS3510 - *,Mass Communication and Social Life 大眾傳播與生活,"Lu, Yu-Nu / 呂郁女",General Education Center,Undergraduate Programme,Thursday 7 (15:00 - 15:50) | General Education Building 214 Thursday 8 (16:00 - 16:50) | General Education Building 214,Elective,2,Semester,Chinese,Optional,120,1307,0,10.891666666666667,1187
9003,09003 / GS2152 - *,Famous Classical Music and Score Music Appreciation 經典古典音樂與電影配樂之賞析,"CHEN,HUI-CHUAN / 陳慧娟",General Education Center,Undergraduate Programme,Monday 5 (13:00 - 13:50) | Liberal Arts Building #1 101 Monday 6 (14:00 - 14:50) | Liberal Arts Building #1 101,Elective,2,Semester,Chinese,Optional,50,451,0,9.02,401
9037,09037 / GS3552 - *,Data Collection and Report Writing 資料蒐集與報告寫作,"Chu, Pi-Ching / 朱碧靜",General Education Center,Undergraduate Programme,Thursday 9 (17:00 - 17:50) | Teaching & Research Building A201 Thursday A (18:00 - 18:50) | Teaching & Research Building A201,Elective,2,Semester,Chinese,,50,445,0,8.9,395
9039,09039 / GS3713 - *,"Gender, Technology and Society 性別、科技與社會","Chiang, Chen-Yin / 姜貞吟 Yann-Jy Yang / 楊燕枝",,,Thursday 5 (13:00 - 13:50) | Zhi-Xi Building 002 Thursday 6 (14:00 - 14:50) | Zhi-Xi Building 002 Thursday 7 (15:00 - 15:50) | Zhi-Xi Building 002,Elective,3,Semester,Chinese,,50,440,0,8.8,390
9021,09021 / GS3087 - *,The basic concepts of criminal law 刑法概論,"Wen, Tzu-Te / 溫祖德",General Education Center,Undergraduate Programme,Monday 7 (15:00 - 15:50) | Teaching & Research Building A201 Monday 8 (16:00 - 16:50) | Teaching & Research Building A201,Elective,2,Semester,Chinese,Optional,50,424,0,8.48,374
9061,09061 / GS4720 - *,Infographic and Visual Communication 資訊圖表與視覺傳播,"Huang,Wendy / 黃文珊",General Education Center,Undergraduate Programme,Friday 5 (13:00 - 13:50) | General Education Building 122 Friday 6 (14:00 - 14:50) | General Education Building 122,Elective,2,Semester,Chinese,Optional,50,407,0,8.14,357
9008,09008 / GS2456 - *,Exploring Hakka 體驗客家,"Chen, Yen-Jung / 陳彥蓉",General Education Center,Undergraduate Programme,Monday 3 (10:00 - 10:50) | Liberal Arts Building #1 106 Monday 4 (11:00 - 11:50) | Liberal Arts Building #1 106,Elective,2,Semester,Chinese,Optional,50,392,0,7.84,342
9047,09047 / GS4456 - *,A Concise Introduction to Neurolinguistics 神經科學的語言筆記,"Hsu, Chun-Hsien / 徐峻賢",General Education Center,Undergraduate Programme,Thursday 3 (10:00 - 10:50) | Liberal Arts Building #1 113 Thursday 4 (11:00 - 11:50) | Liberal Arts Building #1 113,Elective,2,Semester,Chinese,Optional,50,377,0,7.54,327
9004,09004 / GS2153 - *,Introduction to Western Music and Musician 西方古典音樂欣賞,"Weng,Li-Mei / 翁立美",General Education Center,Undergraduate Programme,Tuesday 9 (17:00 - 17:50) | General Education Building 122 Tuesday A (18:00 - 18:50) | General Education Building 122,Elective,2,Semester,Chinese,Optional,120,870,0,7.25,750
9023,09023 / GS3092 - *,Risk and Society 風險與社會,"Chiang, Chen-Yin / 姜貞吟 Hsu,Yu-Wen / 徐郁雯",,,Wednesday 3 (10:00 - 10:50) | Liberal Arts Building #1 106 Wednesday 4 (11:00 - 11:50) | Liberal Arts Building #1 106,Elective,2,Semester,Chinese,,50,358,0,7.16,308
9024,09024 / GS3097 - *,Sociology of consumption 消費社會學,"Lee, Yu-Ying / 李玉瑛",General Education Center,Undergraduate Programme,Thursday 3 (10:00 - 10:50) | Liberal Arts Building #1 106 Thursday 4 (11:00 - 11:50) | Liberal Arts Building #1 106,Elective,2,Semester,Chinese,Optional,50,349,0,6.98,299
9002,09002 / GS2065 - *,Transition from Audience to Speaker: Story Analysis and Presentation 聽故事到說故事-故事分析與展演,"Kang, Pei / 康珮",General Education Center,Undergraduate Programme,Thursday 5 (13:00 - 13:50) | Liberal Arts Building #1 101 Thursday 6 (14:00 - 14:50) | Liberal Arts Building #1 101,Elective,2,Semester,Chinese,Optional,50,344,0,6.88,294
9019,09019 / GS3083 - *,International Politics 國際政治,"Han, Bao-Jung / 韓保中",General Education Center,Undergraduate Programme,Thursday 7 (15:00 - 15:50) | Liberal Arts Building #1 113 Thursday 8 (16:00 - 16:50) | Liberal Arts Building #1 113,Elective,2,Semester,Chinese,Optional,50,341,0,6.82,291
9001,09001 / GS2064 - *,Piano Literature Appreciation 鋼琴音樂作品欣賞,"Tseng, Yun-Hsin / 曾韻心",General Education Center,Undergraduate Programme,Tuesday 7 (15:00 - 15:50) | Liberal Arts Building #1 101 Tuesday 8 (16:00 - 16:50) | Liberal Arts Building #1 101,Elective,2,Semester,English,Optional,50,331,0,6.62,281
9032,09032 / GS3126 - A,International Relations 國際關係概論,"Han, Bao-Jung / 韓保中",General Education Center,Undergraduate Programme,Tuesday 5 (13:00 - 13:50) | Liberal Arts Building #1 113 Tuesday 6 (14:00 - 14:50) | Liberal Arts Building #1 113,Elective,2,Semester,Chinese,Optional,50,293,0,5.86,243
9029,09029 / GS3103 - *,The International Space Politics 國際太空政治,"Cheng, Tzu-Chen / 鄭子真",General Education Center,Undergraduate Programme,Thursday 3 (10:00 - 10:50) | Teaching & Research Building A201 Thursday 4 (11:00 - 11:50) | Teaching & Research Building A201,Elective,2,Semester,Chinese,Optional,50,292,0,5.84,242
9035,09035 / GS3225 - *,Introduction to History of International Relations 戰爭與和平：近代世界外交史概論,"Chang, Jung-Ming / 章榮明",General Education Center,Undergraduate Programme,Monday 3 (10:00 - 10:50) | Liberal Arts Building #1 101 Monday 4 (11:00 - 11:50) | Liberal Arts Building #1 101,Elective,2,Semester,Chinese,,50,289,0,5.78,239
9007,09007 / GS2246 - *,Introduction to Western Classical Music 西洋古典音樂入門賞析,"Tseng, Yun-Hsin / 曾韻心",General Education Center,Undergraduate Programme,Tuesday 5 (13:00 - 13:50) | Liberal Arts Building #1 101 Tuesday 6 (14:00 - 14:50) | Liberal Arts Building #1 101,Elective,2,Semester,English,Optional,50,288,0,5.76,238
9018,09018 / GS3082 - *,Disabilities and Taiwanese Society 身心障礙與台灣社會,"Yang-Yi,Zheng / 鄭揚宜",General Education Center,Undergraduate Programme,Monday 3 (10:00 - 10:50) | Liberal Arts Building #1 113 Monday 4 (11:00 - 11:50) | Liberal Arts Building #1 113,Elective,2,Semester,Chinese,Optional,50,284,0,5.68,234
9030,09030 / GS3104 - *,The Geopolitics of Northeast Asia 東北亞地緣政治,"Cheng, Tzu-Chen / 鄭子真",General Education Center,Undergraduate Programme,Thursday 5 (13:00 - 13:50) | Teaching & Research Building A201 Thursday 6 (14:00 - 14:50) | Teaching & Research Building A201,Elective,2,Semester,Chinese,Optional,50,283,0,5.66,233
9049,09049 / GS4504 - B,Design Thinking and Mobile Application Programming Design 設計思考與行動APP程式設計應用,"Yeh,Yu-Fo / 葉俞佛",General Education Center,Undergraduate Programme,Friday 3 (10:00 - 10:50) | Zhi-Xi Building 002 Friday 4 (11:00 - 11:50) | Zhi-Xi Building 002,Elective,2,Semester,Chinese,Optional,50,241,0,4.82,191
9033,09033 / GS3126 - B,International Relations 國際關係概論,"Han, Bao-Jung / 韓保中",General Education Center,Undergraduate Programme,Thursday 3 (10:00 - 10:50) | Liberal Arts Building #1 113 Thursday 4 (11:00 - 11:50) | Liberal Arts Building #1 113,Elective,2,Semester,English,Optional,50,239,0,4.78,189
9043,09043 / GS4406 - *,Understanding Atmosphere 認識大氣,"Wang, Kuo-Ying / 王國英",General Education Center,Undergraduate Programme,Wednesday 3 (10:00 - 10:50) | Teaching & Research Building A001 Wednesday 4 (11:00 - 11:50) | Teaching & Research Building A001,Elective,2,Semester,Chinese,Optional,120,565,0,4.708333333333333,445
9058,09058 / GS4716 - *,Food Safety and Life 食品安全與生活,LuLi-Teh / 呂理德,General Education Center,Undergraduate Programme,Thursday 3 (10:00 - 10:50) | Teaching & Research Building A003 Thursday 4 (11:00 - 11:50) | Teaching & Research Building A003,Elective,2,Semester,Chinese,Optional,120,533,0,4.441666666666666,413
9060,09060 / GS4719 - B,Programming-Python 程式設計-Python,"CHANG,CHIA-KAI / 張家凱",General Education Center,Undergraduate Programme,Wednesday 5 (13:00 - 13:50) | Zhi-Xi Building 202 Wednesday 6 (14:00 - 14:50) | Zhi-Xi Building 202 Wednesday 7 (15:00 - 15:50) | Zhi-Xi Building 202,Elective,3,Semester,English,Optional,50,221,0,4.42,171
9054,09054 / GS4519 - B,Introduction to machine learning 機器學習概論,"Huang,Yu-Qing / 黃鈺晴",General Education Center,Undergraduate Programme,Friday 3 (10:00 - 10:50) | Zhi-Xi Building 202 Friday 4 (11:00 - 11:50) | Zhi-Xi Building 202,Elective,2,Semester,Chinese,Optional,50,210,0,4.2,160
9011,09011 / GS3024 - *,Social Enterprise 社會企業,"Chen, Yen-Jung / 陳彥蓉",General Education Center,Undergraduate Programme,Monday 5 (13:00 - 13:50) | Liberal Arts Building #1 106 Monday 6 (14:00 - 14:50) | Liberal Arts Building #1 106,Elective,2,Semester,Chinese,Optional,50,209,0,4.18,159
9045,09045 / GS4451 - *,An Introduction to Modern Astronomy 現代天文學簡介,Kinoshita Daisuke / 木下大輔,General Education Center,Undergraduate Programme,Wednesday 7 (15:00 - 15:50) | Teaching & Research Building A203 Wednesday 8 (16:00 - 16:50) | Teaching & Research Building A203,Elective,2,Semester,English,Optional,130,526,0,4.046153846153846,396
9026,09026 / GS3099 - *,Heory and Practice of Technology Policy 科技政策理論與實踐,"Chou, Kuan-Chu / 周冠竹",General Education Center,Undergraduate Programme,Wednesday 7 (15:00 - 15:50) | Liberal Arts Building #1 106 Wednesday 8 (16:00 - 16:50) | Liberal Arts Building #1 106,Elective,2,Semester,Chinese,Optional,50,201,0,4.02,151
9016,09016 / GS3080 - *,Intellectual Property Right 智慧財產權概論,Yann-Jy Yang / 楊燕枝,General Education Center,Undergraduate Programme,Wednesday 3 (10:00 - 10:50) | General Education Building 214 Wednesday 4 (11:00 - 11:50) | General Education Building 214,Elective,2,Semester,Chinese,Optional,120,467,0,3.8916666666666666,347
9048,09048 / GS4504 - A,Design Thinking and Mobile Application Programming Design 設計思考與行動APP程式設計應用,"Yeh,Yu-Fo / 葉俞佛",General Education Center,Undergraduate Programme,Friday 1 (08:00 - 08:50) | Zhi-Xi Building 002 Friday 2 (09:00 - 09:50) | Zhi-Xi Building 002,Elective,2,Semester,Chinese,Optional,50,189,0,3.78,139
9025,09025 / GS3098 - *,International Politics of Technology 國際科技政治,"Chou, Kuan-Chu / 周冠竹",General Education Center,Undergraduate Programme,Wednesday 5 (13:00 - 13:50) | Liberal Arts Building #1 106 Wednesday 6 (14:00 - 14:50) | Liberal Arts Building #1 106,Elective,2,Semester,English,Optional,50,189,0,3.78,139
9046,09046 / GS4455 - *,Technology and Economic Equity 科技與財富平權,"Yann-Jy Yang / 楊燕枝 Wu, Hsin-Yi / 吳忻怡",General Education Center,Undergraduate Programme,Wednesday 6 (14:00 - 14:50) | Zhi-Xi Building 002 Wednesday 7 (15:00 - 15:50) | Zhi-Xi Building 002 Wednesday 8 (16:00 - 16:50) | Zhi-Xi Building 002,Elective,3,Semester,Chinese,Optional,50,186,0,3.72,136
9057,09057 / GS4530 - *,Introduction to Artificial Intelligence Intelligence Ethics 人工智慧倫理導論,"Yang-Yi,Zheng / 鄭揚宜",General Education Center,Undergraduate Programme,Tuesday 5 (13:00 - 13:50) | General Education Building 214 Tuesday 6 (14:00 - 14:50) | General Education Building 214,Elective,2,Semester,English,Optional,50,184,0,3.68,134
9031,09031 / GS3125 - *,Civil Society and the Development of Democratic Administration 公民社會與民主行政發展,"Han, Bao-Jung / 韓保中",General Education Center,Undergraduate Programme,Tuesday 7 (15:00 - 15:50) | Liberal Arts Building #1 113 Tuesday 8 (16:00 - 16:50) | Liberal Arts Building #1 113,Elective,2,Semester,Chinese,Optional,50,182,0,3.64,132
9042,09042 / GS4110 - *,Introduction to Geophysics 通識地球物理,"Chen, Chow-Son / 陳洲生",General Education Center,Undergraduate Programme,Monday 5 (13:00 - 13:50) | General Education Building 122 Monday 6 (14:00 - 14:50) | General Education Building 122,Elective,2,Semester,Partially English,Optional,120,419,0,3.4916666666666667,299
9038,09038 / GS3632 - *,Ethnic Imagination in Contemporary Taiwan 台灣社會與族群想像,"Wu, Hsin-Yi / 吳忻怡",General Education Center,Undergraduate Programme,Tuesday 5 (13:00 - 13:50) | Teaching & Research Building A202 Tuesday 6 (14:00 - 14:50) | Teaching & Research Building A202,Elective,2,Semester,Chinese,Optional,50,171,0,3.42,121
9012,09012 / GS3056 - *,Local knowledge ans society 地方知識與社會,"Fu, Bao-Yu / 傅寶玉",General Education Center,Undergraduate Programme,Monday 7 (15:00 - 15:50) | Liberal Arts Building #1 106 Monday 8 (16:00 - 16:50) | Liberal Arts Building #1 106,Required,2,Semester,Chinese,Optional,50,168,0,3.36,118
9027,09027 / GS3101 - *,Geopolitics 地緣政治,"Hsiao,Yu-He / 蕭育和",General Education Center,Undergraduate Programme,Tuesday 7 (15:00 - 15:50) | Liberal Arts Building #1 106 Tuesday 8 (16:00 - 16:50) | Liberal Arts Building #1 106,Elective,2,Semester,Chinese,Optional,50,166,0,3.32,116
9013,09013 / GS3070 - *,digital storytelling 數位敘事,Tu Sheng Tsung / 杜聖聰,General Education Center,Undergraduate Programme,Thursday 2 (09:00 - 09:50) | General Education Building 214 Thursday 3 (10:00 - 10:50) | General Education Building 214 Thursday 4 (11:00 - 11:50) | General Education Building 214,Elective,3,Semester,Chinese,Optional,50,162,0,3.24,112
9020,09020 / GS3084 - *,Smart Cities and Urban Traffic 智慧城市與交通,Georg Härtich / 賀彥豪,General Education Center,Undergraduate Programme,Wednesday 3 (10:00 - 10:50) | Liberal Arts Building #1 101 Wednesday 4 (11:00 - 11:50) | Liberal Arts Building #1 101,Elective,2,Semester,English,Optional,50,154,0,3.08,104
9059,09059 / GS4719 - A,Programming-Python 程式設計-Python,"Huang,Yu-Qing / 黃鈺晴",General Education Center,Undergraduate Programme,Monday 2 (09:00 - 09:50) | Zhi-Xi Building 002 Monday 3 (10:00 - 10:50) | Zhi-Xi Building 002 Monday 4 (11:00 - 11:50) | Zhi-Xi Building 002,Elective,3,Semester,Chinese,Optional,50,153,0,3.06,103
9044,09044 / GS4413 - *,Global Climate Change crisises to opportunities 全球氣候變遷-從危機到轉機,"Chang, Che-Ming / 張哲明",General Education Center,Undergraduate Programme,Wednesday 3 (10:00 - 10:50) | General Education Building 122 Wednesday 4 (11:00 - 11:50) | General Education Building 122,Elective,2,Semester,Chinese,Optional,120,367,0,3.058333333333333,247
9015,09015 / GS3074 - *,International Organization 國際組織,"Chang, Jung-Ming / 章榮明",General Education Center,Undergraduate Programme,Monday 1 (08:00 - 08:50) | Liberal Arts Building #1 101 Monday 2 (09:00 - 09:50) | Liberal Arts Building #1 101,Elective,2,Semester,English,,50,146,0,2.92,96
9010,09010 / GS2603 - *,Cultural and Creative Industries with Aesthetics of Living 文化創意產業與生活美學,"Liu, A-Ron / 劉阿榮",General Education Center,Undergraduate Programme,Monday 3 (10:00 - 10:50) | General Education Building 122 Monday 4 (11:00 - 11:50) | General Education Building 122,Elective,2,Semester,Chinese,Optional,120,349,0,2.908333333333333,229
9028,09028 / GS3102 - *,International Political Economy 國際政治經濟學,"Hsiao,Yu-He / 蕭育和",General Education Center,Undergraduate Programme,Tuesday 5 (13:00 - 13:50) | Liberal Arts Building #1 106 Tuesday 6 (14:00 - 14:50) | Liberal Arts Building #1 106,Elective,2,Semester,English,Optional,50,139,0,2.78,89
9017,09017 / GS3081 - *,Global Cities and Social Spaces 全球化都市與社會空間,Georg Härtich / 賀彥豪,General Education Center,Undergraduate Programme,Monday 7 (15:00 - 15:50) | Liberal Arts Building #1 101 Monday 8 (16:00 - 16:50) | Liberal Arts Building #1 101,Elective,2,Semester,English,Optional,50,123,0,2.46,73
9006,09006 / GS2161 - *,Cross-disciplinary critical thinking 跨領域思辨,"Chen, Hsuan-Yi / 陳宣毅",General Education Center,Undergraduate Programme,Monday 5 (13:00 - 13:50) | Chien-ShiungBuilding(Science Building#4) 208,Elective,1,Semester,Chinese,All,50,0,0,0.0,-50
9022,09022 / GS3089 - *,SocialEngagement:Workshop2 社會參與議題工作坊(二),"Tsai, Shyi-Jeng / 蔡錫錚 Yang-Yi,Zheng / 鄭揚宜 Wu, Hsin-Yi / 吳忻怡",General Education Center,Undergraduate Programme,Saturday A (18:00 - 18:50) | General Education Building 122 Saturday B (19:00 - 19:50) | General Education Building 122,Elective,2,Semester,Chinese,All,50,0,0,0.0,-50
9014,09014 / GS3073 - *,Introduction to Artificial Intelligence AI人工智慧導論,"LI,BING,HONG / 李秉鴻",General Education Center,Undergraduate Programme,Tuesday A (18:00 - 18:50) | Zhi-Xi Building 002 Tuesday B (19:00 - 19:50) | Zhi-Xi Building 002 Tuesday C (20:00 - 20:50) | Zhi-Xi Building 002,Elective,3,Semester,Chinese,All,40,0,0,0.0,-40
9051,09051 / GS4514 - *,Data visualization 資料視覺化,"Chung,Hsiang-jen / 鐘祥仁",General Education Center,Undergraduate Programme,Monday 8 (16:00 - 16:50) | Zhi-Xi Building 202 Monday 9 (17:00 - 17:50) | Zhi-Xi Building 202,Elective,2,Semester,Chinese,All,50,0,0,0.0,-50
9050,09050 / GS4508 - *,"Science, Technology, History 科學、科技、歷史","Chen, Hsuan-Yi / 陳宣毅",General Education Center,Undergraduate Programme,Tuesday A (18:00 - 18:50) | Chien-ShiungBuilding(Science Building#4) 208 Tuesday B (19:00 - 19:50) | Chien-ShiungBuilding(Science Building#4) 208,Elective,2,Semester,Chinese,All,20,0,0,0.0,-20
9053,09053 / GS4519 - A,Introduction to machine learning 機器學習概論,"Chung,Hsiang-jen / 鐘祥仁",General Education Center,Undergraduate Programme,Monday 5 (13:00 - 13:50) | Zhi-Xi Building 202 Monday 6 (14:00 - 14:50) | Zhi-Xi Building 202,Elective,2,Semester,Chinese,All,50,0,0,0.0,-50
9052,09052 / GS4518 - *,Natural language processing 自然語言處理,"Chung,Hsiang-jen / 鐘祥仁",General Education Center,Undergraduate Programme,Monday 2 (09:00 - 09:50) | Zhi-Xi Building 202 Monday 3 (10:00 - 10:50) | Zhi-Xi Building 202 Monday 4 (11:00 - 11:50) | Zhi-Xi Building 202,Elective,3,Semester,Chinese,All,50,0,0,0.0,-50
9056,09056 / GS4524 - B,Special topic for interdisciplinary artificial intelligence 人工智慧跨域應用專題,"CHANG,CHIA-KAI / 張家凱",General Education Center,Undergraduate Programme,,Elective,3,Semester,English,All,50,0,0,0.0,-50
9055,09055 / GS4524 - A,Special topic for interdisciplinary artificial intelligence 人工智慧跨域應用專題,"CHANG,CHIA-KAI / 張家凱",General Education Center,Undergraduate Programme,Tuesday A (18:00 - 18:50) | Liberal Arts Building #1 113 Tuesday B (19:00 - 19:50) | Liberal Arts Building #1 113 Tuesday C (20:00 - 20:50) | Liberal Arts Building #1 113,Elective,3,Semester,English,All,50,0,0,0.0,-50
